{
	"$type": "contentModule",
	"friendlyName": "Gift card (COPY)",
	"name": "checkout-gift-card",
	"description": "Gift card allows the user to pay for the order using a gift card",
	"categories": [
		"Purchase",
		"Payment",
		"checkout_checkoutInformation",
		"checkoutSectionContainer_primary"
	],
	"dataActions": {
		"checkout": {
			"path": "@msdyn365-commerce/global-state/dist/lib/data-actions/checkout-state-data-action",
			"runOn": "client"
		}
	},
	"config": {
		"showAdditionalFields": {
			"friendlyName": "Show additional fields",
			"description": "This property allows you to define which fields should be shown in addition to the gift card number field",
			"type": "string",
			"enum": {
				"pin": "Pin",
				"expirationDate": "Expiry date",
				"pinAndExpirationDate": "Pin and Expiry date"
			},
			"scope": "module"
		},
		"shouldBeEnabledForGuest": {
			"friendlyName": "Enable for guest users",
			"description": "This property when enabled will allow gift cards to be redeemed for guest users. This requires the anonymous access for gift cards to be also enabled on Headquarters",
			"type": "boolean",
			"default": false
		},
		"className": {
			"friendlyName": "Custom CSS class name",
			"description": "Provide a custom css class name defined in the theme pack to target the CSS for this module",
			"type": "string",
			"default": ""
		},
		"clientRender": {
			"friendlyName": "Render module client side",
			"description": "Enabling this property will cause the module to load its Javascript chunk and render on the client based on the user view port. This property is recommended for modules which are generally hidden below the users view port (lower on the page) to increase page load performance.",
			"type": "boolean",
			"default": false
		}
	},
	"resources": {
		"emptyInputError": {
			"comment": "Error message for no gift card code entered",
			"value": "Please enter a gift card number"
		},
		"invalidCodeError": {
			"comment": "Error message for invalid gift card code entered",
			"value": "Invalid gift card code entered"
		},
		"invalidCardInfoError": {
			"comment": "Error message for invalid gift card information entered",
			"value": "Invalid gift card information entered"
		},
		"invalidCardTypeError": {
			"comment": "Error message for invalid gift card type",
			"value": "The gift card type is not supported"
		},
		"noCardPinError": {
			"comment": "Error message for missing required gift card pin",
			"value": "Gift card PIN is required"
		},
		"noCardExpError": {
			"comment": "Error message for missing required gift card expiration date",
			"value": "Gift card expiration date is required"
		},
		"duplicatedCodeError": {
			"comment": "Error message for entering a gift card twice",
			"value": "You already entered this gift card"
		},
		"noBalanceError": {
			"comment": "Error message for gift card has 0 balance",
			"value": "Gift card has no balance left"
		},
		"giftCardFormLabel": {
			"comment": "Gift card form label",
			"value": "Gift card"
		},
		"giftCardNumberLabel": {
			"comment": "Gift card number label",
			"value": "Gift card number"
		},
		"giftCardPinLabel": {
			"comment": "Gift card pin label",
			"value": "PIN"
		},
		"giftCardExpLabel": {
			"comment": "Gift card expiration date label",
			"value": "Expiration date"
		},
		"giftCardPinPlaceholderText": {
			"comment": "Text for gift card pin place holder",
			"value": "PIN"
		},
		"giftCardExpPlaceholderText": {
			"comment": "Text for gift card expiratio date place holder",
			"value": "MM/YYYY"
		},
		"giftCardAlertLabel": {
			"comment": "Gift card input fields alert label",
			"value": "Your gift card may or may not include these fields"
		},
		"applyGiftCardButton": {
			"comment": "Label for apply gift card button",
			"value": "Apply"
		},
		"removeGiftCardButton": {
			"comment": "Label for remove gift card button",
			"value": "Remove"
		},
		"enteredGiftCardLabel": {
			"comment": "Label about gift card entered with balance and giftCardIssueAmount",
			"value": "Gift card ending in"
		},
		"giftCardAvailableBalanceLabel": {
			"comment": "Label about gift card entered with balance and giftCardIssueAmount",
			"value": "Available balance"
		}
	}
}
