{
	"id": "R1Module1",
	"config": {
		"emptyLocationsText": "No Nearby Locations!",
		"selectStoreText": "Pick Up Here",
		"waitingClass": "",
		"storeHoursClosedText": "Closed",
		"storeHoursMondayText": "Mon",
		"storeHoursTuesdayText": "Tue",
		"storeHoursWednesdayText": "Wed",
		"storeHoursThursdayText": "Thur",
		"storeHoursFridayText": "Fri",
		"storeHoursSaturdayText": "Sat",
		"storeHoursSundayText": "Sun",
		"storeHoursMondayFullText": "Monday",
		"storeHoursTuesdayFullText": "Tuesday",
		"storeHoursWednesdayFullText": "Wednesday",
		"storeHoursThursdayFullText": "Thursday",
		"storeHoursFridayFullText": "Friday",
		"storeHoursSaturdayFullText": "Saturday",
		"storeHoursSundayFullText": "Sunday",
		"selectStoreAriaFormatText": "Pick up at {storeName}",
		"timeText": "Store hours",
		"captionText": "We’re expanding our pick-up-in-store service to more Microsoft Store locations every day.",
		"milesShortText": "mi",
		"outOfStockText": "Out of stock",
		"inStockText": "In stock",
		"selectedStoreLocationText": "Selected store location",
		"contactText": "Contact",
		"availabilityText": "Availability",
		"productDimensionTypeColor": "Color",
		"productDimensionTypeConfiguration": "Configuration",
		"productDimensionTypeSize": "Size",
		"productDimensionTypeStyle": "Style",
		"storePhoneAriaLabel": "store phone",
		"storeAddressAriaLabel": "store address",
		"storeCountMessage": "We found {count} stores within {radius} miles of you.",
		"storeCountMessageInKm": "We found {count} stores within {radius} kilometers of you."
	},
	"typeName": "store-selector"
}
