{
	"$type": "contentModule",
	"friendlyName": "Custom sign up",
	"name": "custom-sign-up",
	"description": "Allows users to begin their journey of associating with a site by registering.  Module captures user information such as name, email address, password etc.",
	"categories": [
		"Account management",
		"Sign-in"
	],
	"config": {
		"heading": {
			"friendlyName": "Heading",
			"description": "Section Heading.",
			"$ref": "@msdyn365-commerce-modules/definitions/dist/src/Heading.json#/definitions/heading",
			"required": true
		},
		"disclaimer": {
			"friendlyName": "Disclaimer text",
			"description": "Disclaimer text",
			"type": "richText"
		},
		"className": {
			"friendlyName": "Custom CSS class name",
			"description": "Provide a custom css class name defined in the theme pack to target the CSS for this module",
			"type": "string",
			"default": ""
		},
		"clientRender": {
			"friendlyName": "Render module client side",
			"description": "Enabling this property will cause the module to load its Javascript chunk and render on the client based on the user view port. This property is recommended for modules which are generally hidden below the users view port (lower on the page) to increase page load performance.",
			"type": "boolean",
			"default": false
		}
	},
	"resources": {
		"firstNameLabelText": {
			"comment": "Text display as label for first name textbox.",
			"value": "First name *"
		},
		"firstNameMaxLength": {
			"comment": "Maximum number for character is allowed for first name.",
			"value": "20"
		},
		"lastNameLabelText": {
			"comment": "Text display as label for last name textbox.",
			"value": "Last name *"
		},
		"lastNameMaxLength": {
			"comment": "Maximum number for character is allowed for first name.",
			"value": "20"
		},
		"emailAddressLabelText": {
			"comment": "Text display as label for email address textbox.",
			"value": "Email address *"
		},
		"verificationCodeLabelText": {
			"comment": "Text display as label for verification code textbox.",
			"value": "Verification code *"
		},
		"mobileVerificationLabelText": {
			"comment": "Text display as label for verification code mobile textbox.",
			"value": "Mobile verification code *"
		},
		"passwordLabelText": {
			"comment": "Text display as label for password textbox.",
			"value": "Password *"
		},
		"confirmPasswordLabelText": {
			"comment": "Text display as label for confirm password textbox.",
			"value": "Confirm password *"
		},
		"mobileNumberLabelText": {
			"comment": "Text display as label for mobile number textbox.",
			"value": "Mobile Number *"
		},
		"signUpButtonText": {
			"comment": "Sign-up button text",
			"value": "Sign up"
		},
		"signUpButtonArialabel": {
			"comment": "Sign-up button aria label",
			"value": "Sign up"
		},
		"cancelButtonText": {
			"comment": "Cancel button text",
			"value": "Cancel"
		},
		"cancelButtonArialabel": {
			"comment": "Cancel button aria label",
			"value": "Cancel"
		},
		"sendCodeButtonText": {
			"value": "Send verification code",
			"comment": "Send code button text."
		},
		"sendCodeButtonAriaLabel": {
			"comment": "Send code button aria label.",
			"value": "Send verification code"
		},
		"resendCodeButtonText": {
			"comment": "Re-Send code button text.",
			"value": "Send new code"
		},
		"resendCodeButtonAriaLabel": {
			"comment": "Re-Send code button aria label.",
			"value": "Send new code"
		},
		"verifyCodeButtonText": {
			"comment": "Verify code button text.",
			"value": "Verify code"
		},
		"verifyCodeButtonAriaLabel": {
			"comment": "Verify code button aria label.",
			"value": "Verify code"
		},
		"changeEmailButtonText": {
			"comment": "Change e-mail button text.",
			"value": "Change e-mail"
		},
		"changeEmailButtonAriaLabel": {
			"comment": "Change e-mail button aria label.",
			"value": "Change e-mail"
		},
		"verificationCodeSendSuccess": {
			"comment": "Message to display on verification code is send successfully.",
			"value": "Verification code has been sent to your inbox. Please copy it to the verification code input box."
		},
		"emailAddressVerifiedSuccess": {
			"comment": "Message to display on email address is verified successfully.",
			"value": "E-mail address verified. You can now continue"
		},
		"mobileNumberVerifiedSuccess": {
			"comment": "Message to display on mobile number is verified successfully.",
			"value": "Mobile number verified. You can now continue"
		},
		"passwordEntryMismatchError": {
			"comment": "Password mismatch error message.",
			"value": "The password entry fields do not match. Please enter the same password in both fields and try again."
		},
		"requiredFieldMissingSummaryError": {
			"comment": "Field missing error summary.",
			"value": "A required field is missing. Please fill out all required fields and try again."
		},
		"requiredFieldMissingError": {
			"comment": "Field missing error message.",
			"value": "This information is required."
		},
		"fieldIncorrectError": {
			"comment": " Field incorrect error message.",
			"value": "One or more fields are filled out incorrectly. Please check your entries and try again."
		},
		"invalidEmailAddressError": {
			"comment": "Email address invalid field error message.",
			"value": "Please enter a valid email address."
		},
		"invalidMobileError": {
			"comment": "Mobile number invalid field error message.",
			"value": "Please enter a valid mobile number."
		},
		"invalidPasswordError": {
			"comment": "Must have more than 8 characters with at least 1 number and special character.",
			"value": "Please enter a valid password."
		},
		"invalidEmailError": {
			"comment": "Error to display when email format is invalid.",
			"value": "Incorrect format."
		},
		"retryError": {
			"comment": "Error to display when user entered invalid code.",
			"value": "That code is incorrect. Please try again."
		},
		"retryNotAllowedError": {
			"comment": "Error to display when user entered invalid code to many time and no more try is allowed.",
			"value": "You have made too many incorrect attempts. Please try again later."
		},
		"throttledError": {
			"comment": "Error to display when too many requests is submitted to verify email address.",
			"value": "There have been too many requests to verify this email address. Please wait a while, then try again."
		},
		"codeExpiredError": {
			"comment": "Error to display when code expired.",
			"value": "That code is expired. Please request a new code."
		},
		"serverError": {
			"comment": "Error to display on server error.",
			"value": "We are having trouble verifying your email address. Please enter a valid email address and try again."
		},
		"loadingMessage": {
			"comment": "Loading message.",
			"value": "Please wait."
		}
	}
}
